x1,x2,label
-0.1488026531842488,0.8687663051192358,1.0
1.3743417350087646,1.5362735529907665,1.0
-0.7931340254594148,0.06306258080206195,1.0
0.46857934293002934,0.00516197188412737,1.0
1.7661217550308428,-0.3055960398313362,1.0
1.9210402335176118,0.5108644780033316,1.0
0.768764014749482,0.05827655664671816,1.0
1.1762057121696976,-0.008242068738333663,1.0
-0.10913479191049635,0.31518509625317037,1.0
0.8457789038481671,-0.842176175397587,1.0
4.3680484700837585,-1.701267835723561,1.0
0.3252958415840146,-0.4226689167790829,1.0
-1.3911993429849443,0.015697251800100842,1.0
1.380007489462854,-0.5894452340512422,1.0
0.5057955856213262,1.39871877607287,1.0
1.4892527395203095,-0.1628316659134203,1.0
1.634250053313673,-2.314250691510307,1.0
1.917144052863398,-0.6211551930654771,1.0
0.710986094461708,1.0385559340052395,1.0
1.7782011118839138,-0.9361600353250243,1.0
2.0179652609178604,-2.061261323342888,1.0
4.008602398235384,-0.34536133073541836,1.0
1.850310633059107,-1.0993948572576495,1.0
3.0859334371067177,-0.800609279320974,1.0
3.0684017118462705,-1.6552673889329874,1.0
2.5675939352648314,-0.8216441552493746,1.0
1.561240198755774,-1.5697588911918774,1.0
1.696265787594849,-0.24692314515452368,1.0
1.5501605458563328,-0.26663078971800225,1.0
2.0073358027955477,-1.1305981743646205,1.0
2.0476102221528665,-1.1527027163462562,1.0
1.6573530388420685,-2.10607584612979,1.0
1.161385962395663,-0.6418944305748047,1.0
3.3491301595221366,-1.2383387652165307,1.0
2.448774126045893,-1.0409727168243403,1.0
0.8043131528143677,0.04269331484905625,1.0
-0.14865558416631042,-0.5603521550383218,1.0
0.820592004879477,-0.6786487336774366,1.0
2.164856619469609,-1.4168371469753285,1.0
1.8407763230520657,-0.6615210410612893,1.0
3.0444522548015747,-0.667172767374953,1.0
0.4229861189360806,-1.1770950318700093,1.0
0.7180834091354813,1.640318930530591,1.0
0.22338529866783463,0.131731203068433,1.0
3.0079012016671713,-0.5103095909538431,1.0
2.3904130236837915,0.01815065686902695,1.0
1.6686127243729687,0.24940542349306583,1.0
1.411502578437242,0.1722620083334191,1.0
2.1873142659285887,0.6361244695578094,1.0
1.5272556775704704,-0.16549334815832745,1.0
-0.9539039003932133,-0.16138859806175226,1.0
3.1790480212476537,-0.6904249548483297,1.0
3.460218443495771,-0.012694416280886356,1.0
1.6311061918106775,-1.2343275429765281,1.0
0.11088915565341084,1.6525350925279518,1.0
-0.056983759417290614,1.2541809523166736,1.0
3.127926304232907,0.16334419728878835,1.0
2.087920473967041,-0.16198222782463884,1.0
0.4700541439420254,0.0010577563519390543,1.0
1.2320626011648137,0.4716326059937479,1.0
0.6850580512187101,-0.9572497023490778,1.0
1.7132589860720997,0.5275024811114031,1.0
2.152286284481569,-1.0339204780734437,1.0
2.668146047792077,0.39436180419552913,1.0
0.971285830514636,0.18289803065304067,1.0
2.4986629102503137,-0.6458865463073962,1.0
2.2025098052288508,-0.9063540089954113,1.0
2.41508683886559,-0.4743303903519607,1.0
0.8285350853163165,-0.2670716485930993,1.0
0.6674978439563971,-0.9408561619043565,1.0
3.197804408859027,-1.1652584019994379,1.0
1.5776577167363395,0.007042719469452008,1.0
-0.5695771673827004,1.6045743729392647,1.0
2.870740745371516,-0.37085633546750507,1.0
2.666189778349914,-1.6241846582387616,1.0
2.2395437079718077,0.5404533017743545,1.0
1.9390958565091487,-1.4937099328740122,1.0
1.341410130344223,-0.9818873563094834,1.0
-0.07504802565176494,-0.470461535157797,1.0
2.5031096459339315,-1.5026246063864777,1.0
2.7638674013561726,0.40535984310021567,1.0
0.5626468314486827,0.15583870851855364,1.0
3.0840742704506168,-0.741011437565119,1.0
1.919736314655712,-2.1095907555642444,1.0
0.4081342863935258,0.451828122643106,1.0
0.6822373036177346,0.28398332463812603,1.0
0.36870339097912264,-0.3698374774645272,1.0
2.8247974242468428,-0.7230343830617711,1.0
2.052626326868671,-1.4442304581467695,1.0
1.9729943846890539,-0.7770492610500002,1.0
1.324814591407786,-1.5934809592775878,1.0
1.2895553123680505,-2.313263642955792,1.0
0.2339683374971182,-1.1177991369218019,1.0
2.6505438594007558,-1.1654812595497699,1.0
2.8599523894855565,0.008147408518606514,1.0
2.9274097211220367,-1.1487767050282647,1.0
1.0836162289804865,-1.2636118302808392,1.0
0.897459054528509,-0.2775462074441766,1.0
1.0320905584274187,0.5089529615134778,1.0
-0.19129335202875208,1.7134450385553635,1.0
1.784228231783531,-0.8848877808446247,1.0
0.630809187106282,0.609910966209253,1.0
0.2128971084173803,-1.1177980703700952,1.0
1.236412968541873,-0.9821569232880275,1.0
1.1751785595448359,-0.3850358956837449,1.0
0.6925764227608648,0.2762741006231184,1.0
0.5130099937533591,-0.2976718683482087,1.0
2.3062046614083815,-1.3566584561386534,1.0
1.6656200345057681,-0.27096804227218996,1.0
-0.828546335872768,0.9021866751018695,1.0
2.3430145284785726,-1.3234107919055031,1.0
2.162614781090804,-0.4886882171337127,1.0
3.101478601099716,-1.4344751973269925,1.0
1.4305961476078795,-0.25417239348618414,1.0
2.0182555575652916,-1.028250766352311,1.0
2.76446233531143,-1.7126580891335343,1.0
2.2181541350977074,-0.5802025902738345,1.0
2.988515370001835,-0.7371609140052255,1.0
-0.8384713726328687,-0.8639784625942809,1.0
1.3283838608407879,0.19770392379118717,1.0
1.997026114374639,-1.1544073298269022,1.0
1.5195810800300023,-0.7723805454614965,1.0
1.1611089295208648,-1.7554348407668945,1.0
0.7427795519387582,0.9116092239042022,1.0
1.7591492488318,-1.9418649037196352,1.0
0.7417128760045306,-0.5346099231257218,1.0
1.2299156466796646,-0.6121819605270657,1.0
1.0638873663622546,0.3767654480108984,1.0
1.7018009242359022,-1.8338242624440166,1.0
3.358460038673072,-1.1151003313074614,1.0
2.5184968728127988,-1.5724394213963033,1.0
2.0896813035327986,-0.9103885897770937,1.0
3.5552516103748855,-1.6052168069009036,1.0
0.9984465546439728,-0.11273918568791103,1.0
1.8562122408153576,-0.6350204051457777,1.0
0.007893762472472421,-2.00116255804061,1.0
-0.34907334253671607,0.9837442394692848,1.0
2.0148167709780203,-1.1598800419815545,1.0
0.9493543884938963,-0.261160860052552,1.0
4.38503650682315,-0.4786176944525329,1.0
2.0118841782750407,0.0753018249731382,1.0
2.8087360675175486,0.033999412573056054,1.0
1.4449588891947858,0.06616630136144652,1.0
3.043055158217415,-0.3950807352401099,1.0
1.302949613057888,0.7596391640029092,1.0
1.9547202921160187,-1.2014657138255913,1.0
-1.2720154914684234,0.28671198967149625,1.0
2.083509001555176,0.13305109132705184,1.0
1.6278590246445783,-0.06950102387156887,1.0
2.053417072491147,-0.5185898548919904,1.0
3.4851425513014633,-0.27762621397126175,1.0
1.3550539630991747,-1.004915971915579,1.0
0.6379814737212389,-0.3699271115665344,1.0
2.338989176307262,-2.1955980880297252,1.0
0.7276640565801207,-0.16214243532592165,1.0
2.058088862508945,0.09706474115088093,1.0
2.3675131783349515,-1.6747884033198168,1.0
1.9307408615682007,-0.6837461798650103,1.0
1.431017319785184,-0.7081149595592219,1.0
1.5211210455651152,-0.6068417745314794,1.0
1.9186141324183215,-1.4692996895309092,1.0
0.8708379171275178,-0.889844783736522,1.0
2.5622931325523863,-1.4294866980392187,1.0
2.543451962729174,0.8275598835445881,1.0
2.5898449609317824,-0.34912112423388,1.0
0.2706427311600206,-0.7793914187633872,1.0
0.2459494157787918,-0.7597037369380484,1.0
4.45822039666597,-1.7983380551902919,1.0
3.4731243134777063,-1.3253267181872452,1.0
2.8486555631569006,0.11698560549595216,1.0
0.22933842116703285,-0.11096167916395522,1.0
1.7293306105702668,-1.7028766721398734,1.0
1.8416262824137266,-0.9561763418577831,1.0
1.9344557517402214,-0.6315442294894793,1.0
1.0446515548733852,0.08703001726460069,1.0
1.719972361070052,-1.8926262234612103,1.0
-0.16586379918897998,-0.07304023485617123,1.0
1.9637926106239327,-1.242175759590729,1.0
3.199246735597833,-1.9679568359430832,1.0
2.2333334059501633,-0.4110119354110905,1.0
0.7867186309896319,-0.05587199249529884,1.0
0.6792925440739517,0.30436539392802486,1.0
1.578951490513468,-0.40813832793674776,1.0
1.5407639173412313,-0.8703046161883671,1.0
1.333065019403279,-1.3827465633044096,1.0
0.8248231354912627,-0.9507396137854238,1.0
0.5412215273280466,-0.12547711014019136,1.0
1.642380508131549,-0.1563668239669273,1.0
0.22775035201630422,-1.0864816712654821,1.0
2.0557751460892564,-0.07418335246313507,1.0
3.389110160649019,-1.329038740366268,1.0
3.40852033133887,-2.57323418454232,1.0
0.8128928541120144,-1.5233665252504163,1.0
1.9331977663024158,-2.054161910638102,1.0
-0.12240023125228428,0.6462388078840566,1.0
0.8324332363885761,-0.2820462246701224,1.0
1.2298330796745782,-1.7458779076998199,1.0
1.5009959296522832,-1.1661841164848252,1.0
1.06808958324678,0.7642949201642648,1.0
0.3324439966374084,0.9667470122860271,1.0
1.6764425405695618,-1.5843772161310383,1.0
0.8547144657593283,0.2102197338721874,1.0
3.4487568676938034,-1.3936955003869091,1.0
0.6895065025338077,0.05241538253980438,1.0
1.3736789691878823,-1.1278399718845937,1.0
3.2931086060720527,-0.9087160076822292,1.0
1.7250702716353241,-0.8431584222661277,1.0
-0.005596332713907248,1.0287856118552319,1.0
1.1760509437271263,-0.17562190194201455,1.0
0.6166881223859899,1.5488929286553992,1.0
0.7763846825140719,0.45610181352446977,1.0
3.691839985434065,-1.7464946907082766,1.0
1.6698672868320705,-0.5228656232585284,1.0
-0.5359339537561065,-1.6362892654855452,1.0
2.188096640904602,-0.6893620552684052,1.0
1.4239003093970877,-1.691389157825388,1.0
0.7189830614854881,0.22468993294024153,1.0
2.6168202947425714,-0.915072575185391,1.0
0.661311741743887,0.022963792056848287,1.0
0.7113446395681728,0.055817719400303445,1.0
1.4512583223882944,-1.4832466760502543,1.0
1.6638809547874955,-0.4314657454409686,1.0
0.5587369835741726,-0.01887508002089955,1.0
0.6548642137749702,-0.8207791737590375,1.0
2.257742592318024,-1.064794461980839,1.0
2.8998554085084614,-0.6482353239328471,1.0
1.1351554116743479,-0.03057500101269428,1.0
1.943171217405042,0.9925619697639603,1.0
1.1193077198624866,-2.1888494689142313,1.0
1.2762693609962141,-0.40595597735912803,1.0
1.6469910635916518,-1.4463741408396744,1.0
2.0203191970549566,-0.6630793499458849,1.0
2.9575272190809345,0.7077604714821462,1.0
2.1729043828162533,-1.6090877733028957,1.0
3.94032393284301,-1.7883976955296972,1.0
3.3525970676152115,-2.116468593740229,1.0
1.50468541333321,-1.1232207328403772,1.0
0.10923941634043444,1.2286698781690621,1.0
-0.19483733677137183,-0.223795248435962,1.0
0.5389470654437275,0.5274841019317875,1.0
1.1129796783728496,0.6389542418382859,1.0
2.26411197101159,-1.3431143689425253,1.0
-0.420750074400166,-1.6340073670513864,1.0
0.16756680836603066,0.806944151558632,1.0
1.632962257207388,-0.38944443601601336,1.0
2.417182839078018,-1.3727118843982904,1.0
0.8814105751637945,1.0168220936164687,1.0
-1.2880348207414656,1.1584877535033005,1.0
1.972916735921408,-1.241735583511377,1.0
2.511365631152843,-1.1931058869573543,1.0
1.094952093141849,-0.2795954771019326,1.0
0.2865203553459934,0.0452595483189524,1.0
1.6283526063657772,-1.087373551068528,1.0
2.5579238095602457,-2.5241121080889144,1.0
3.215373969996935,-0.42266957290489016,1.0
1.1212938341784353,0.9358159423369792,1.0
2.0938041303512027,-2.5876322063412767,1.0
2.244182374805665,-0.8062586014741483,1.0
1.3993033375804895,0.47819521059736814,1.0
1.8902594485450432,0.7819547612747695,1.0
1.3708965781980451,-1.2182701970134056,1.0
2.872968432336651,-2.125530614192196,1.0
0.9048502270697242,-0.9089471993639411,1.0
1.0934483380647746,0.9856824238815391,1.0
4.26262005499278,-1.4521836894289613,1.0
3.948801760530733,-1.6625196779675426,1.0
0.27189852678344506,0.3156947675926489,1.0
2.580717368044322,-1.6796057006472362,1.0
1.696515162106763,-0.7807408312635065,1.0
1.6646804741144194,-0.6978192010244455,1.0
0.8091324112802567,-1.1293524552616718,1.0
2.34112368405353,0.30716589600011956,1.0
1.7201347349361278,-1.0239777181701382,1.0
-0.6036881316103226,-1.4366586503672174,1.0
0.044056545363784894,-0.15248159565225444,1.0
1.3698962252778233,-0.33540349308863276,1.0
0.4309426430909111,-0.07317260183338126,1.0
2.701147890661333,-0.10799140638798616,1.0
3.927288947593496,-1.9823743436312524,1.0
2.5816955960489203,-1.834164192763109,1.0
-0.5756198618090016,0.743825790365646,1.0
0.6040029052913529,-1.5033863746611897,1.0
2.322886749019902,-0.8367745121012289,1.0
1.3780922056037477,0.11452177950418208,1.0
1.697165658958915,-0.16123651055757354,1.0
0.32042216203420537,-1.370232564142127,1.0
1.7622877032061508,0.009068599371501618,1.0
0.7541308274420214,-0.35705176138663614,1.0
1.8873007736764615,-1.7168055045226847,1.0
2.0770092449908355,0.13373680346902572,1.0
3.239410736984084,-2.1517814764387495,1.0
2.973222652478008,-0.7244236416402348,1.0
1.8832818063964964,-1.1482335802679122,1.0
1.8961068651900836,-0.35551953021988303,1.0
0.7108718204228027,-2.6747186189630634,1.0
1.1156228505487822,0.12129575870782672,1.0
1.300936752123742,-1.3244548955474942,1.0
1.288246471586485,-0.03766511181183174,1.0
1.8962851034145523,-0.9343479144331974,1.0
2.3820545549038634,-1.2012322849301058,1.0
3.2497290815985536,-1.2166420193420409,1.0
2.559474425884325,-0.9466814232589404,1.0
2.7081292727929194,-1.7623942465767908,1.0
0.9639349183479332,-1.6201984185290559,1.0
1.2339643773962512,-0.6669680642311299,1.0
2.773603046497639,-2.426205905498747,1.0
1.2308137544137416,0.44911088203025484,1.0
1.7931995666301437,-0.32743250177089006,1.0
1.3997758551241832,-0.1499570215404939,1.0
-0.40504591135263124,-0.6397817743317396,1.0
0.6584350784055801,-0.3137723448559387,1.0
1.6113488379631282,-0.8329933176574227,1.0
1.4046066449142358,-1.5127784341107082,1.0
1.9655192306042875,0.6727510556095349,1.0
1.556901474923825,-0.5363776172524902,1.0
2.1574185139706175,-1.0089835049664322,1.0
0.8782357908965015,-0.43933234482352174,1.0
2.122020999180892,-0.5319639869233136,1.0
2.538121628378802,-0.9209043064907446,1.0
1.1921117116915751,0.8789240371921134,1.0
2.1270560927365487,0.3077818394111286,1.0
0.05205401142687194,-0.4758419403889928,1.0
2.6271546688556344,-1.4631678891640925,1.0
0.4187992892593324,0.10503762657192561,1.0
2.721412915311304,0.10183559108475237,1.0
0.2993291205489259,-1.7862183567265302,1.0
1.3787115373737404,0.029492556209614218,1.0
1.4449098925802308,-0.07288965279086973,1.0
1.0535121756644852,-1.376375592201435,1.0
1.5097328423861205,-1.3325137386618073,1.0
1.9607990852167096,-1.8887517137124097,1.0
1.0752178281769351,-0.15190581144416798,1.0
1.7048105287875093,-1.1941220274456597,1.0
1.9458042450721773,0.16772860358809927,1.0
3.6982963050287747,-1.5292196761503685,1.0
1.3218008567466115,-2.037055300114175,1.0
3.1343172703510516,-2.3078656490569185,1.0
1.4290083406495624,-0.11257514007133729,1.0
2.858424446039075,-0.4506435379040663,1.0
0.19863376216455397,0.6504809361843373,1.0
2.544714644755628,-0.1628907553463373,1.0
1.0660288425202888,0.5263508024351333,1.0
1.0638140841158237,-2.7079137605268664,1.0
-1.295843945392853,-0.18003276599891987,1.0
2.4671861018760577,0.9830938528242126,1.0
1.5327499115397625,0.3094312817328405,1.0
2.3426016044821067,-2.574494321248671,1.0
2.471484352416756,-0.14706012410989144,1.0
1.5437223591290739,-1.2215595158447035,1.0
1.7203190056589033,0.3094814219154194,1.0
2.505481370991191,-2.179475035759718,1.0
2.7349436643310074,-0.30648813729630986,1.0
2.093113045384159,0.9970063927866111,1.0
0.5279847690040459,0.07006414099225677,1.0
0.28807188743036694,0.43386793286331593,1.0
2.4871582705409065,-0.5157775571554425,1.0
2.0990649882642254,-1.1240588972268868,1.0
0.10164528845976539,0.2757074751464279,1.0
2.1403824684210626,-1.3016241551095367,1.0
0.23838983949359394,-0.20322029714053752,1.0
1.696435579371851,-1.0674160734111529,1.0
1.161102829636475,-0.6274804351143319,1.0
2.792433755043646,-2.0741925651683895,1.0
2.9405427079635116,-0.3036033667377698,1.0
0.897909944963377,0.38539563691211554,1.0
1.6982748302548576,-1.3355685371334753,1.0
1.6082024365277683,-1.4862497046676153,1.0
-1.9331205466554495,-0.34069789545160056,1.0
0.42072604396809243,-0.9557118889303046,1.0
1.2205890733546307,-1.190859912617707,1.0
2.259429593886152,-1.9659214101358682,1.0
-0.3479203445291872,0.5258414381905359,1.0
2.500814969643747,-0.6327620487215764,1.0
1.7708552756048395,-0.038065184403154595,1.0
3.485497254164687,-1.4617452449731183,1.0
0.05979077510890751,-1.0621919069338466,1.0
1.7043480642920574,0.856223006133682,1.0
1.8362747448537775,0.010105892236649927,1.0
0.5372329615932221,-0.5233599014184607,1.0
0.8467999773104449,-1.4659037822717869,1.0
2.065685843122063,-0.6173932728768713,1.0
0.769646646936423,-0.027105017751099747,1.0
0.33211288117559046,-0.7421814425946487,1.0
1.6116062412399776,-0.552125650495476,1.0
-0.4764638725899297,0.5343333294727017,1.0
2.0190067106373673,-0.8021021336407255,1.0
2.5159039756273103,-0.9593901446124447,1.0
1.17338126690389,-1.8638162086453989,1.0
1.4358327099473986,-0.7378852747826278,1.0
3.1442738284260194,-1.5748945154879348,1.0
0.17965728665613834,0.7716528568482084,1.0
0.34943084435573213,-0.961420287055399,1.0
1.069999249749145,-0.10449522938538985,1.0
1.1238063900150048,0.10189139747620024,1.0
2.875327884580331,-1.3861850144981727,1.0
2.2559786123421093,-1.01099558074035,1.0
2.9313584957384826,-0.23748703634261853,1.0
2.027638495375118,-1.611802778770714,1.0
1.002657729943381,-1.1340446795598975,1.0
1.610156883797668,-1.2934963559803432,1.0
0.363053100921815,0.8894895558309726,1.0
1.405892007585405,-0.7837743037501141,1.0
0.6955122707924452,0.35136211272878903,1.0
0.9800877720320996,-0.20156942682036244,1.0
3.1836635185416657,-1.6388601532448004,1.0
2.2970539003842028,-0.4288074189887454,1.0
0.20736742558459254,-0.27617943377294885,1.0
1.6992038814335158,0.8940991075688123,1.0
2.8407214079193257,0.14144210502285604,1.0
2.381455038526962,-1.0247016111283038,1.0
1.5159003683042205,-0.4997765610321503,1.0
2.126143810333673,-1.4036911360884696,1.0
2.3111040541891374,-0.7155140867274747,1.0
2.0323385937438205,1.1165433405442797,1.0
-0.10226743835176455,0.04463640242570577,1.0
1.5573021931589643,0.33609836874194954,1.0
1.4414626643487432,-0.5246909084551032,1.0
1.786221813841879,0.08113275956254351,1.0
2.24081833684496,-1.2424964647556571,1.0
1.1403276353356393,-0.005495531749729277,1.0
1.1102791692311818,-0.5823573515302753,1.0
1.3388548475479587,1.464662417519447,1.0
1.0085922659468847,-0.36513594627550056,1.0
0.5158892195608902,-0.36300529212224886,1.0
2.2800082803954878,-0.9533957318921917,1.0
3.692010041219701,-2.863326309823778,1.0
1.3270700842583725,-1.5760286710421048,1.0
2.386023601074888,-1.4293247445399198,1.0
3.022578200915785,-1.7959248427801482,1.0
2.057690814287416,-0.8224669121058017,1.0
0.3863119641961812,0.33907144758202157,1.0
1.517321166145134,-0.42377868655192136,1.0
0.8698793157805309,-0.9992261643758447,1.0
1.7381379363459664,-0.3773188581704199,1.0
3.241111608009265,-0.8194577541937367,1.0
0.14659892085423687,-0.21539498148632513,1.0
1.4037031232105768,-1.2080517617820865,1.0
0.369490266911773,-0.7288488505710945,1.0
1.3919346428665813,-1.1839354631452643,1.0
0.7465301573780087,-1.6025439141138595,1.0
-0.23445843329307547,-0.2711426654798161,1.0
1.3556369031326287,-0.5965306516733297,1.0
1.9328834834798543,-1.5434849977535385,1.0
0.3362891430669259,-0.24021386191075417,1.0
0.9092138686645762,-0.8354080556789728,1.0
2.346874618461407,-0.6106381542413941,1.0
0.4793533402332657,-0.022437828091357026,1.0
3.736058832809678,-0.1356827135294023,1.0
1.7739623339174861,-2.016714827488175,1.0
-1.312892055894265,0.8853257236118759,1.0
2.7286992957041996,-1.8567261863626912,1.0
1.1982674044598685,-0.14718059982974108,1.0
3.0840683181560093,0.11411078167163058,1.0
1.5706813758650076,-1.5791375405751515,1.0
1.036392032639061,0.9481690041591231,1.0
1.78881167907705,-1.9033178797698567,1.0
-0.3547389154125764,-1.143134762295485,1.0
3.1333987187698638,-0.663916984653764,1.0
1.4534766037826314,-0.7019366614366661,1.0
1.0792342615286907,-0.3734822147538315,1.0
3.3277820633130597,-0.5143006899373276,1.0
0.2243275344627489,0.467876183638656,1.0
2.3683230427981563,1.0082539091934695,1.0
1.6814200852664105,-0.8390023802156172,1.0
1.7021226230588307,0.6610638929695338,1.0
-0.23100795439026656,0.34382098355630886,1.0
0.6458100755998725,-1.1765707101429994,1.0
1.4908040468911952,-1.2287573244495964,1.0
3.187618766135759,-0.07325381482635784,1.0
2.1029807185327565,-1.3373031795994206,1.0
1.6329069584891949,0.5521998595163582,1.0
2.086232279456439,1.5494533299380637,1.0
1.6775371490794486,-0.38359753205934705,1.0
1.7788990001076181,0.5819100943097608,1.0
0.9354931068215225,-0.25270403630423366,1.0
2.5651456295803667,-0.9446447873953058,1.0
-0.09445420975452956,0.12674005519257547,1.0
1.0549277269788802,-0.009789151746936953,1.0
0.3017691517944652,-0.462833170228122,1.0
-1.4014022101886692,0.17513737768457938,1.0
2.2407617476778148,-0.13789299204730654,1.0
1.520766865751624,0.21259987430403116,1.0
1.9784389593527094,-0.8610734907019548,1.0
2.1008732412369637,0.5002231101303818,1.0
1.1048625360876563,0.4405253380998415,1.0
2.551994391575989,-0.30333381224361045,1.0
1.8121422433742356,0.5212430107486214,1.0
-0.680965641095078,0.5797877747399047,1.0
1.5780469748369015,-1.303438697081262,1.0
1.497604143354412,-0.8324217650379997,1.0
1.075598593018097,-0.3640615368191106,1.0
2.2861610258416944,-0.05539270684485026,1.0
2.6290580518663433,-0.8192460196384088,1.0
2.1985546413869135,-0.29860922290769,1.0
-0.036060744471315465,0.18442016141020123,1.0
1.1185621688109924,-0.10798776096509638,1.0
2.4121953439337744,-0.8533117264417653,1.0
1.3655155383316036,-0.05602170260557804,1.0
1.7398462388247924,-0.5659060384370869,1.0
2.534410649464722,-1.4523041188247952,1.0
-1.2200865029579762,1.7160717196251543,-1.0
-0.5269001339771546,0.5991316204187616,-1.0
-1.1546205630597894,1.0716606939604596,-1.0
-2.264040685719335,-0.007838009401848312,-1.0
-0.8560917563615013,0.9199828424231988,-1.0
0.6779984892648612,1.2260570578872791,-1.0
-0.5542270725371226,1.8909630321173312,-1.0
-0.5456750593637735,-0.27379763943182733,-1.0
-1.885649099040587,-0.11986618391095438,-1.0
-1.1819807576868055,0.9974430180886703,-1.0
-1.7653430219692197,1.8857406004100161,-1.0
-1.0017694167563733,-0.15815369013144265,-1.0
-3.0618822274969753,1.3819793830053178,-1.0
-0.3541260689244795,-0.5473710062622874,-1.0
-2.346204330039596,1.1784646229198923,-1.0
-0.17488811782791636,0.4103981329429162,-1.0
-1.0532796142288976,0.2402514475617471,-1.0
-1.35517604605934,1.9506307507352805,-1.0
-1.708536641671098,1.9082120970413243,-1.0
-2.1061779680682617,-0.06852744534689104,-1.0
-2.5901607729762226,2.0467216535499038,-1.0
-1.1865321077225188,1.8897959861350657,-1.0
-2.3032561319100804,1.9711498566464183,-1.0
-1.6799336271482272,0.6964808686942751,-1.0
-1.3677355979218881,0.28070878151042866,-1.0
-0.6125394638846428,-0.2204764463157054,-1.0
-0.43026685003795595,1.3648266173282015,-1.0
-4.1708966021185185,2.92535063139216,-1.0
0.8743331347823411,0.7472343880800006,-1.0
-0.9504155045866989,0.19196201360646592,-1.0
-1.69968034214111,0.14808057204041525,-1.0
-1.2621983786833737,0.8848044702072824,-1.0
-0.9515859009108314,1.103448471377494,-1.0
-1.0626809442754481,0.8530189631414186,-1.0
-1.1285774819034593,1.2425387144099258,-1.0
-0.5034019384213132,-0.7567726705375022,-1.0
-1.4969498890939834,-0.14512481362990293,-1.0
-0.7226375239013312,1.4490754177160619,-1.0
-2.030986164232072,0.5210499631547583,-1.0
0.008662373618857133,0.46355822345566045,-1.0
-0.7131120021682285,0.3459265900468787,-1.0
-1.996744674139527,0.553101875191496,-1.0
-0.90213811011725,0.04022029998983845,-1.0
-0.267543425764718,-0.4017968634704525,-1.0
-1.6730149395089338,1.2612387887469703,-1.0
-0.19065732475210218,0.09780850656298534,-1.0
0.3904115455478352,-0.7002604891940685,-1.0
-3.2350083104008145,2.102435084142412,-1.0
-1.7743298883815015,1.2213232508181704,-1.0
-1.0970399377991868,1.4396828068962977,-1.0
0.11829999188681328,0.0818133150648348,-1.0
-2.926651770395175,1.2954433029270973,-1.0
-0.540612592236511,0.24715093041344338,-1.0
-1.0701222505237342,1.3021329700566868,-1.0
-2.1017427543269043,1.9174919334523173,-1.0
-0.4443168850522623,1.5571213741861856,-1.0
-2.3051708703482188,0.29936812691312775,-1.0
-2.8934947701675746,3.5172121427970815,-1.0
-0.680143446121267,0.9326233187001267,-1.0
-2.4225717380226346,1.528688673870345,-1.0
-1.315637672777369,1.9605117963302392,-1.0
-0.19693247095212596,-0.22278037231632308,-1.0
-1.7627863365590084,1.674194503771572,-1.0
-1.9971709897677665,1.3004168708057717,-1.0
-1.4854772132040646,-0.6468335373281529,-1.0
0.19113897628287746,0.10497290248040048,-1.0
-1.6361714121351227,1.6574424714038196,-1.0
-0.974995359836906,0.5470092234107619,-1.0
-1.1916763115871318,0.986821554255741,-1.0
-2.3800793244121445,1.7809298563209517,-1.0
0.01839389545438097,-0.9416586354298726,-1.0
-3.011980946179849,1.019840831747198,-1.0
-1.8872379253752567,1.1137768223665316,-1.0
-0.8787101632057734,0.6078024074238159,-1.0
-2.325263248473995,1.450507793082577,-1.0
-1.5642621902583747,-0.18923810514561945,-1.0
-1.003940169069108,1.2665833288319037,-1.0
-0.6983176206510315,1.8353561689793907,-1.0
-0.9395947397568791,1.0239833746163785,-1.0
-3.2928391247461404,0.8622904320835554,-1.0
0.02391735435904563,1.413692729415943,-1.0
-1.692808753165319,1.8211053048805248,-1.0
-1.7242369497319308,1.5334693997261137,-1.0
-2.522011882486275,2.0708286957673407,-1.0
-1.1833306862054171,1.052239570891878,-1.0
-1.64961812388465,0.19021589570718211,-1.0
-1.8396425159113217,1.2049191054563666,-1.0
-2.893998843152718,1.9044347239128907,-1.0
-1.3343486020419937,1.2221770142735968,-1.0
0.02795959171833262,1.0318454182734438,-1.0
-2.9552935430737053,1.995522104026452,-1.0
-0.831282958760595,0.38542064481087157,-1.0
0.8670158747479793,-0.5092936544415425,-1.0
-0.8445723043573659,1.6258326317361265,-1.0
-2.1452507716452365,1.1437703561326704,-1.0
-0.2774064669849945,1.335741893578976,-1.0
-1.0218482456399263,0.367720794769108,-1.0
-2.0194417732332237,2.336932791888687,-1.0
-1.2513254337441595,0.43634714101999905,-1.0
1.2893294001107614,-0.09946353009005515,-1.0
-0.849904650620243,-1.0082547068562573,-1.0
-2.3685245847417007,2.2121393238062588,-1.0
-0.3090975830275524,-0.688426905530436,-1.0
-2.2344655709295314,0.7955672239332221,-1.0
-2.0854339287828667,2.009640256606815,-1.0
-1.3909307962709878,1.3953253175946627,-1.0
-0.8517449410540341,1.4779683420613636,-1.0
-0.5017270551032188,0.5671751638269367,-1.0
-1.5494320540701563,1.6316387411681668,-1.0
0.02727164334633203,-0.2722628780691261,-1.0
-1.4181869483938097,0.7018358156364563,-1.0
-2.9697447485105704,1.6737407113995553,-1.0
-0.5332421481132723,1.1840344181340998,-1.0
-1.3950303118957097,0.9171676278548433,-1.0
-0.10799851934545701,0.5122457162981975,-1.0
-1.876075015947245,1.7601887168856534,-1.0
0.4752109663249082,1.4062664563550988,-1.0
-0.13830547489680323,-1.1158744786992463,-1.0
-1.894695088491203,1.5503437904922919,-1.0
-0.867087398010135,-0.24233052942708144,-1.0
-3.3291862878861123,2.3418574669410477,-1.0
-1.422411899537388,1.338906674019626,-1.0
-1.2338424137166917,1.4165824276189927,-1.0
-1.89618135486234,1.0259141336597142,-1.0
-1.3820819606704686,-0.48557009418490726,-1.0
-0.09551524061694294,0.47795894935569194,-1.0
-1.8352565426693475,1.8397966773046326,-1.0
-1.145105538406917,-0.21437345377046024,-1.0
2.292356205306978,-0.2281356321886523,-1.0
-0.5723171818536466,0.14370469374978567,-1.0
-1.6840481139593884,-0.005739543703436767,-1.0
0.14887691185387197,1.8585343537286472,-1.0
-1.3767569574530216,1.3468438815361714,-1.0
1.4963981690646775,1.2181210428977196,-1.0
1.2073915908268797,1.1159304150360139,-1.0
1.7137377482541596,0.3511522688835622,-1.0
-2.9780550581594003,1.3019452641170872,-1.0
-1.218442427068088,1.4135204106813921,-1.0
-0.7336456555358124,-0.6311912723361202,-1.0
0.5599344409016105,0.3087660182631775,-1.0
-1.1334716955922586,0.38927285607995155,-1.0
-1.790734020895473,1.7327681367988466,-1.0
-0.6964333597594656,-0.43750312632499044,-1.0
-1.7456018721028097,0.7909422059609894,-1.0
-0.48537757304530194,1.8596816694900888,-1.0
-1.8510919177812835,0.5723547402480201,-1.0
-1.5367790669002477,0.29910548781257584,-1.0
-2.8655656407095442,1.4621451490693942,-1.0
-1.09182111027642,1.1257166997951904,-1.0
-1.9285221926905636,-0.3379762817329772,-1.0
0.3033584143506254,-0.4008884377669213,-1.0
-1.3807406341155475,0.9148872038238969,-1.0
-0.5475886938453163,-0.6581716345236772,-1.0
-0.7721897469986719,0.24974244346858487,-1.0
-1.6523543032402093,0.9179643380363427,-1.0
-1.8492076830473283,0.8050962550255598,-1.0
-0.8741137005794728,0.41799429792972276,-1.0
0.0449689106126645,0.7005474361413371,-1.0
-0.37131782839576155,-0.044478347922193184,-1.0
-1.4322926224435166,-0.06677986513806822,-1.0
-0.9455175609367534,0.144623445869006,-1.0
-0.626213003856245,0.5166079368694769,-1.0
-0.2674437587404148,0.15490205948157654,-1.0
-2.3492900601708486,1.6113583511382008,-1.0
-2.0365489410024127,1.743469723621015,-1.0
-2.0949450561141245,0.79981130123027,-1.0
-1.0550113749707393,0.9510430856272579,-1.0
-0.6947052419571694,-0.10786086323158905,-1.0
1.1098496437950134,0.8037152013046323,-1.0
0.5213030377766439,1.0364233783632384,-1.0
-0.8587286164010439,-0.04115730262077644,-1.0
-1.8837650271425237,0.7945148387498665,-1.0
-1.7118127852834255,0.9490363462008711,-1.0
-1.8700785993611566,0.49151249813822706,-1.0
-1.6600119768608619,1.6344135983160466,-1.0
0.9741784342876434,1.8899011510964672,-1.0
-0.6574310398480452,2.59022236572377,-1.0
-2.711420896624727,1.6926686333140157,-1.0
-0.7358117989537128,0.2840864555948516,-1.0
0.6007440918494626,-0.7974964511135716,-1.0
-0.6560594088252969,1.9211688380142988,-1.0
0.13558157984196262,0.8691177234443034,-1.0
0.05264184592846788,-0.3630309317092264,-1.0
-0.38634742029591485,0.745716649822924,-1.0
-1.0918215667890503,1.6978663761357158,-1.0
-1.6937747392865181,1.4413131829501882,-1.0
-0.7785506206064097,2.051563491423954,-1.0
-0.1743265452932704,0.9668431214359922,-1.0
1.011118070071035,-0.08342001159143508,-1.0
-0.5044690270042491,0.49599231205902206,-1.0
-2.000000376513033,1.5619381876264171,-1.0
-1.3297792521400469,2.2919324675757453,-1.0
-0.9404379223866257,1.786716032647897,-1.0
-0.6690279404685591,0.5882723176616967,-1.0
-0.05750744112071804,1.1291034084718485,-1.0
-1.6220212949608306,0.7410911260105049,-1.0
-0.7511507347926367,1.5565668489725337,-1.0
-1.3307336307387694,0.17500693608599915,-1.0
-1.909151384595556,-0.3691913449390736,-1.0
-1.9513976716870924,1.019742283513646,-1.0
-0.17744704568242897,1.0570204050195653,-1.0
1.1580983347679883,1.1680484942389298,-1.0
-0.7130795411066951,0.16533531020189662,-1.0
-1.7680404497330304,1.8940974842705482,-1.0
-3.590984041541013,2.216715403368016,-1.0
-1.455017300314925,-0.2117534198704638,-1.0
-0.9421406207097224,0.1336868636231746,-1.0
-1.2225276043967432,-0.5869463755707571,-1.0
-3.2530776594836865,0.9543217286339627,-1.0
1.403060764352241,-1.7238942615571882,-1.0
-0.8314066847861364,-0.30894349230542106,-1.0
-2.1778103989288233,1.4074509991543738,-1.0
-0.7873886342913667,1.2021009139836374,-1.0
-0.910185078286655,1.599790505655235,-1.0
-0.07864662599860173,-0.24797606812764705,-1.0
-2.672211339908878,-0.38179838510145037,-1.0
0.6031011367854038,0.24711227723706797,-1.0
-0.142639773948797,1.0883102397089948,-1.0
-2.296371517777046,0.5540300851904529,-1.0
-0.9464277721151017,1.8172129812590516,-1.0
-1.5329452252365456,0.2750426339534644,-1.0
-1.6515359948690254,1.7580527905868375,-1.0
-1.275426870851072,1.5959767055172347,-1.0
2.4088308016718014,-0.536805635868232,-1.0
-2.679650930714571,2.219717385024782,-1.0
-0.925002977584666,1.3623590117281612,-1.0
-1.0913501942866004,1.4261352365453053,-1.0
-1.3011941638372926,0.31602361555389574,-1.0
-0.3624140717316039,-0.4665013358376955,-1.0
-0.01227606855415786,-0.7436876987203198,-1.0
-2.507604304654165,2.3908544798322184,-1.0
-0.5129841899184936,0.15779195011224156,-1.0
-1.3714228054487316,0.4565845526992771,-1.0
-0.7651431928497021,1.3345014485744033,-1.0
-0.8320817233754306,0.989909325734433,-1.0
-2.0135480108190054,1.1885552436332838,-1.0
-1.412365267634768,0.7844498197873687,-1.0
-1.0977356681171992,0.5765793058800747,-1.0
-0.39088888986275894,0.5753783577940585,-1.0
-1.5225780564651914,1.2508457753714772,-1.0
-1.7988065735853849,0.6487135870816854,-1.0
0.39483736158544414,0.30245248914019296,-1.0
-1.6844446326998601,1.2665868953046302,-1.0
-2.0246911727466532,2.226651812916711,-1.0
-3.821612581773262,2.3683394016964954,-1.0
-0.26714745937823015,-0.29983105452054915,-1.0
-0.23523588002091878,0.7434164658825196,-1.0
1.7238200401375172,0.26904248387491736,-1.0
-0.8515859540747317,0.4925695962414551,-1.0
0.059880779023193664,0.0451208617704858,-1.0
-1.0612144248564714,0.7312488202399308,-1.0
-1.5774458420252873,0.641523855311771,-1.0
0.13104917519656856,0.5802295261483492,-1.0
-1.023895877508627,0.9871110261692898,-1.0
-2.4834381381040043,0.8230611395327881,-1.0
0.3666178850388728,1.054233964740924,-1.0
0.005664039069346316,-0.9660027385175136,-1.0
-1.743838810219819,1.467912268747965,-1.0
-1.1435154204981148,0.8085841475148454,-1.0
-1.0680018537556095,0.7615185165864615,-1.0
-2.5426990927770845,1.405446249013675,-1.0
-0.13344850356373106,1.8328474880730992,-1.0
-0.15570326029014991,2.229049776378398,-1.0
-0.35807682351989,1.5984341775819804,-1.0
0.7540271374393663,-0.1497582052387213,-1.0
0.9515260040242179,0.33197072738581346,-1.0
0.3520891014703307,0.2123866645054766,-1.0
-1.163936530695485,-0.11098835501862159,-1.0
0.4573920217416736,-0.5473835478218041,-1.0
-2.8959633950863664,1.7152544757432202,-1.0
-1.9609213514205726,1.3440247611956169,-1.0
-2.6112861163296106,0.19905049035860367,-1.0
-0.21630078043545764,1.1454581005480722,-1.0
-0.8667291266194002,0.6420693826544444,-1.0
-0.110225172885139,1.25468333191403,-1.0
-1.2872493327340433,1.0160067311180438,-1.0
-1.4281351509899727,1.5787295150999918,-1.0
-0.6128455209271588,1.9128804820603185,-1.0
-0.8296096378943325,0.937744712978321,-1.0
-0.28336754784722606,0.4883023065593048,-1.0
-2.8762471178565345,1.3973567304689731,-1.0
0.5496571284840595,0.7134590965605736,-1.0
-0.8102364278740233,0.7666304145720716,-1.0
-0.9229069762640261,0.8215088135141109,-1.0
-2.1983734691325676,0.807214099550991,-1.0
0.06859563595631424,0.21383645165527188,-1.0
0.10722741826933557,-1.0843969731191245,-1.0
-2.6141628794934895,2.4596591194040216,-1.0
-0.5057979330127538,1.5766240640766767,-1.0
-0.0584814961141753,-0.05773768100982657,-1.0
-1.2898567474251639,1.7576169163938347,-1.0
-2.518202451661711,-0.48282344489158313,-1.0
0.17714778164531908,0.48945546338801377,-1.0
0.35718069418872256,2.181460050282909,-1.0
-1.7300366234974183,1.7389688959233964,-1.0
0.12921631101773756,0.07125545750572315,-1.0
-0.806005394838788,1.6658237773300788,-1.0
-1.4979180932423666,2.0105959674127147,-1.0
0.4974515494558971,1.1087898881482987,-1.0
0.20316472277881226,-0.41200319510930794,-1.0
-1.4994124620867562,0.977643820939839,-1.0
-0.2916143142747186,-0.3558673082655315,-1.0
0.7923198594188017,0.15724829186078615,-1.0
-2.329225361998865,1.5337593129497733,-1.0
-1.1658093629555906,-0.3843816038470196,-1.0
-1.0701586176426983,2.7761112674244437,-1.0
0.42372500211499275,-1.0093849117405918,-1.0
-0.5251289903048376,0.01328163690698847,-1.0
-0.6016746916695579,1.9647272601139334,-1.0
-1.8259057024746064,1.7715748170909338,-1.0
-0.6968179287618741,-0.36596778389212914,-1.0
0.42047452404164076,1.2751584622284142,-1.0
-1.1114748613335046,0.4783460468848,-1.0
-0.48963045540531325,1.2053170266866142,-1.0
0.8965290360899734,0.8645259349978762,-1.0
-1.2446918807243519,0.7621363284423043,-1.0
-1.3678128944308212,1.2182069115597316,-1.0
-0.7465511736824413,0.4224827844641544,-1.0
0.14570643124143978,0.6656210372144636,-1.0
-0.8293737063392954,-0.14125335709085118,-1.0
-0.6502004372312298,1.7455240595915837,-1.0
-1.1882212967552994,0.3848271712506383,-1.0
-0.6563004916286177,2.280330783549157,-1.0
0.6351801368277619,0.12346058341411037,-1.0
-0.755853039547595,1.664326650379084,-1.0
-2.0870122643198794,1.3086207779947099,-1.0
1.0390935541033723,0.2447334599442632,-1.0
-0.5153794260116336,-0.3269934475354017,-1.0
-2.531179120100653,0.9502083172796585,-1.0
-2.304304832954279,1.899643768417842,-1.0
-1.2064615286562022,1.1961595077381793,-1.0
-0.017697533740426485,-1.359716893365108,-1.0
-0.9985607295135802,1.295567117893995,-1.0
-1.4056593261260861,0.33266375424858713,-1.0
-1.051429071600209,0.7600844353054508,-1.0
0.37583338610959105,0.8359323639112233,-1.0
1.000778322144777,0.07803072505543551,-1.0
-0.9986162424375293,1.6816653120515246,-1.0
0.0684082953091476,0.2283204558118921,-1.0
-2.9630371542609755,2.5918978298490165,-1.0
-0.8921813978484198,1.2046086723511154,-1.0
-0.2318116822240157,2.2401485892916275,-1.0
-2.040053990024197,1.3679585021075389,-1.0
-1.4109742069195037,0.7124260551560047,-1.0
-2.7876982795607956,0.6758776640946477,-1.0
1.2123653616020014,0.7076464524135313,-1.0
-3.0203113068880154,2.4579345534892676,-1.0
-0.8584564825579141,1.2869943213648827,-1.0
-0.2709122642794787,0.4990713451739013,-1.0
-0.794905805617746,1.2208820528214728,-1.0
0.3961644669194213,-0.5060417331214226,-1.0
-2.128788642784487,0.9071390899695724,-1.0
0.8147441641578177,1.4632629307750151,-1.0
-1.2652944188587663,0.45796795988179495,-1.0
1.0169473168846808,0.19093008604285244,-1.0
-1.8322290377425083,1.053220365935507,-1.0
0.11835437878949162,0.087361999395415,-1.0
-0.5128842238729133,-0.3244740958389265,-1.0
-1.3053452693044523,0.06976485040197666,-1.0
-1.0147528836341173,1.3405227222288487,-1.0
-0.6755934052314072,-0.5963843658143673,-1.0
-2.965243255279667,1.1927608070731752,-1.0
-0.24139389007468648,0.5173394712919338,-1.0
-1.7135442804144487,1.0169654380155777,-1.0
-1.6282838291872836,0.8378260078538898,-1.0
0.5513498224096636,1.087859729520653,-1.0
-2.883589371821196,3.446453978441914,-1.0
-0.42846422426470177,2.0492527306181954,-1.0
-1.550564883531294,0.7231043142032183,-1.0
-1.5141583805204943,1.0352652789831156,-1.0
-0.34507640608782986,-0.3899272343324487,-1.0
-2.542537855370173,0.13941269226273945,-1.0
-2.2552040315088604,0.15145045912815092,-1.0
0.45190658725743393,-1.7045384841064701,-1.0
-3.089361257635748,1.9197814975532062,-1.0
-0.5338465448496947,1.7523757164297775,-1.0
-2.4998886192457213,0.51076194436377,-1.0
-1.817291620985273,1.4660943286467951,-1.0
-0.6408541901116578,0.5992667200253374,-1.0
-2.6559815606083665,1.0490897896461746,-1.0
-1.4140149760115817,1.0474345927930828,-1.0
0.5255167082629064,-0.8440161595348461,-1.0
-0.6906183058891193,1.742710161793459,-1.0
-1.791258787668974,1.81100769352748,-1.0
0.5383565003721609,1.4235621508451466,-1.0
-1.6136301705062894,0.29964858304263253,-1.0
-0.46250231238288975,1.2511580077134816,-1.0
-0.6611384539119722,1.3657202061461555,-1.0
-1.9728891166694504,1.7513551962927645,-1.0
-0.06933688926130632,0.34321028228845885,-1.0
-0.3194403169008826,2.004519270258546,-1.0
0.6115721569464243,-0.31384551148327033,-1.0
-0.27129113996615495,0.642526208412918,-1.0
1.9302444336024664,-0.03651085821391842,-1.0
-1.7351242761835877,-0.3579961490130634,-1.0
-0.39242985339042336,0.9567536020233347,-1.0
0.6298430878195989,-0.2044821041617888,-1.0
-0.13517356515745915,-0.22044086767168114,-1.0
-0.9556554562747004,0.9329349657708561,-1.0
-0.41164255469134625,0.6748078885382106,-1.0
-1.946086481511733,1.1409335865357648,-1.0
-1.8934239078184922,2.630188389007958,-1.0
-0.8106128543782639,0.12545921852882225,-1.0
0.6535324125412394,-0.33256488471047985,-1.0
-0.32356679015599266,1.06285701932626,-1.0
0.4364624020551364,-0.33023155450318975,-1.0
-2.2768308671141173,0.9507693651040703,-1.0
-0.7854277150662551,-0.5972851905520407,-1.0
-3.9738953298360777,1.9846528795027598,-1.0
0.016481582483897084,-0.530811182556195,-1.0
-0.312935905706034,0.13991573726484696,-1.0
-1.9612401858969228,1.1333350956054997,-1.0
-0.6229407836497871,-0.7015517726937599,-1.0
-1.0057397584139982,0.8407278798195307,-1.0
-2.530520084443988,1.826715716299368,-1.0
-1.3093599115323316,0.07288981460890975,-1.0
-0.8582986244296162,0.329183004699619,-1.0
-0.9961510254880369,-0.04079875331599059,-1.0
-1.606570205326305,1.0503791433328649,-1.0
-1.464956020055171,-0.4107726150473763,-1.0
-1.3147989777951192,1.4202234711122912,-1.0
0.24572777893175313,0.8954957136995617,-1.0
0.3880557570141727,-0.0769806373028481,-1.0
-1.2373201438900434,-0.2045810642771846,-1.0
-0.5286302922705681,1.9967783779119703,-1.0
-1.2501979314492782,0.5499349731224562,-1.0
-1.416131535463633,1.1495860969548144,-1.0
-1.1947454694376258,0.5484217871464416,-1.0
-2.27677385302593,1.9879658427421176,-1.0
-0.5012094839740273,0.3973316930793826,-1.0
-0.4796137523955656,-0.05328234852959113,-1.0
-0.7877018298039894,-0.3226321712799325,-1.0
-1.9091763703068143,1.1075223321591814,-1.0
-1.8289960454032965,0.7266362211885277,-1.0
-1.2161598223523413,0.31212184755314915,-1.0
-1.8335631953875164,1.0980439508953186,-1.0
-0.8937791511356247,-0.7005493316705396,-1.0
-1.5589919550676234,0.5263247889660063,-1.0
-1.176059562341885,0.47902291975999367,-1.0
-1.763760397803762,1.7476298379042352,-1.0
-1.6984763969294074,0.6931725458543992,-1.0
-0.8068790202006997,2.179462454988912,-1.0
-0.08103152853696449,0.3826761810120501,-1.0
1.234369278979011,0.6414719330634298,-1.0
-0.28690914052566685,1.0432846344243243,-1.0
1.4660594270434073,0.8469984893139489,-1.0
-0.42151503924003997,0.919398620698207,-1.0
-1.2541956501970983,0.7338118969289982,-1.0
-3.369316180819399,0.8238727274132622,-1.0
-0.9497317244615796,1.5648659998803427,-1.0
-1.0156376790990453,0.7063795644086003,-1.0
-1.3338400497703014,-0.06666907826867308,-1.0
-0.8386065487036959,1.1483849090835387,-1.0
-1.1766269736622612,0.6711834345036135,-1.0
-0.6080186730034411,0.31362797686117716,-1.0
-3.1027149350835534,0.2757634521692389,-1.0
-1.169119025131951,0.618053003774929,-1.0
-2.468087824776995,1.7558301576846198,-1.0
-3.3497597037587585,0.3958834182121869,-1.0
-1.360840369967805,1.2677911583718129,-1.0
-3.064550175333454,0.641370892310743,-1.0
-0.8155249314299647,0.7437269235067134,-1.0
-0.017100643458842324,1.2558627019231143,-1.0
0.1419311601998201,1.8726954055548974,-1.0
-1.707115734040805,2.0680806819701996,-1.0
-1.9881262549333836,0.48099157389752667,-1.0
-0.334967734438138,0.8895905069505605,-1.0
-1.1824167861598394,2.0552603483675718,-1.0
-0.8578673740644243,-0.03964441913040617,-1.0
-2.195617038822494,0.8312923924224818,-1.0
-1.4247384772318896,2.1111106836678397,-1.0
-1.6065673002347531,0.8623436740549905,-1.0
-0.810067487097754,1.2013234851194765,-1.0
-0.15115528526855093,2.1967665680976114,-1.0
-0.3781343217518176,-0.4606986053785056,-1.0
-0.2307636212384374,-0.1907259751486413,-1.0
0.9836587618222767,-0.976303189635501,-1.0
-0.3007817105206333,0.43648310583637473,-1.0
-1.9123243108089603,0.2798586072559498,-1.0
-1.2165979330996675,2.509082353262257,-1.0
-0.17146597951910314,1.6639887329234941,-1.0
-0.42627925037823,2.183636510200746,-1.0
-2.7546522729433653,0.5175319708467379,-1.0
-0.6069485240619932,1.4785946465613664,-1.0
-1.0456763698905125,0.7959921610399558,-1.0
-2.5768612394490766,1.1541185362820967,-1.0
-0.8914258120290987,1.015756751650437,-1.0
-0.6662882230259028,0.576161297479326,-1.0
-1.6239209369232794,1.5639182984708877,-1.0
-0.6039903067907543,-0.4097871998228919,-1.0
-0.19199648250076995,0.3017175535267745,-1.0
-1.161522815327611,0.1726690774387265,-1.0
-0.9820434363296849,-0.5396608175107327,-1.0
-1.4432466101329533,1.038963821946979,-1.0
0.30037106512676903,0.021341721680484982,-1.0
-2.663176884686731,1.1811721944195142,-1.0
-2.4722585459542925,1.4271936242213124,-1.0
-1.1642356611878872,0.9869405549013774,-1.0
-2.3722988643115928,1.7866036005881378,-1.0
-0.3438836355428587,-0.7513323327303603,-1.0
